id;name;email;gender;birth_date;classroom_id
1;searchingly for;Aditya.Robel48@yahoo.com;an forenenst;2025-11-19;8182
2;pro sprinkles repeatedly;Kristin82@hotmail.com;absentmindedly;2025-11-20;7596
3;for youthfully beyond;Charlie.Crist@hotmail.com;helpfully gadzooks;2025-11-19;15471
4;lest role;Amie.Koch@gmail.com;oddball filter;2025-11-20;29998
5;towards;Heber.Ernser@gmail.com;mantua;2025-11-19;5995
6;but of yuck;May25@hotmail.com;premise considering;2025-11-20;5539
7;merrily drum;Missouri_Blanda@hotmail.com;sure-footed;2025-11-20;17824
8;whenever viability depend;Delpha.Barrows@gmail.com;give or;2025-11-20;13582
9;watery ha;Maida88@yahoo.com;transcend below cinch;2025-11-20;6907
10;before veto;Nicole_Quigley40@hotmail.com;appreciate;2025-11-20;4982
